name,qualification,speciality,experience,languages,location,opd_timings,expertise,services,profile_url,hospital
Dr. Sagari Gullapalli,"MD, DM Neurology, PDF Epilepsy",Consultant Neurologist & Epileptology Specialist (Pediatric & Adult),14 Yrs,"Hindi, English, Telugu, Tamil, Malayalam",Hitec City,Day time OPD: MON – SAT : 09:00 AM – 05:00 PM,"Pre-Surgical Evaluation and Planning for Surgery in Epilepsy and Post Op Management, Reporting Video EEGs and Prolonged Video EEGs for Presurgical Patients, Multimodality Screening for the Epileptogen…","All types of stroke (including thrombolysis), Headaches, Neuropathies, Neuromuscular Disorders, Muscle Diseases, Neuroimmunology",https://www.yashodahospitals.com/doctor/hitec-city/neurology/dr-sagari-gullapalli/,Yashoda Hospital Hitec City
Dr. Sai Thirumal Rao Veerla,"MS(Ortho)Fellowship In Arthroscopy & Sports Medicine (Cardiff, UK),Fellowship in Arthroplasty (Germany),Dip. In Sports Medicine (IOC)",Senoir Consultant Specializing in Arthroscopy & Joint Replacement,12 Yrs,"English, Hindi, Telugu",Hitec City,Day time OPD: MON – SAT : 09:00 AM – 04:00 PM Evening OPD: MON – SAT : 04:00 PM – 07:00 PM,"Arthroscopic Surgeries (Knee & Shoulder), Knee and Hip Replacement, Minimally Invasive Trauma , Sports Medicine and Orthopaedic Rehabilitation, Cartilage Injuries and Regenerative Medicine","Minimally Invasive Trauma, Arthroscopy Surgeries for Shoulder – Rotator Cuff Injuries, Labral Injuries & Instability (Dislocations), Arthroscopy Surgeries for Knee – Ligament injuries (ACL, PCL,MPFL, …",https://www.yashodahospitals.com/doctor/hitec-city/orthopaedics/dr-sai-thirumal-rao-veerla/,Yashoda Hospital Hitec City
Dr. Santosh Enaganti,"MD, MRCP, CCT (Gastro) (UK), FRCP (London)Advanced Endoscopy Fellowship, UKLiver Transplantation fellow, UKFormerly NHS UK Consultant","Sr. Consultant Medical Gastroenterologist, Hepatologist & Third Space Endoscopist, Clinical Director.",27 Yrs,"Telugu, English & Hindi",Hitec City,Day time OPD: MON – SAT : 9:00 AM – 4:00 PM,"Level 4 Colonoscopist- JAG (UK), EMR/ESD Techniques for Endoscopic Removal of Large Polyps and Early Malignant Lesions, Complex ERCP/Lithotripsy Procedures, Endoscopic Ultrasound-Guided Fine Needle As…","Comprehensive GI and Hepatology Services, Management of Luminal Gastroenterology problems like Ulcers/Strictures, Dyspepsia, Reflux, IBS, GI Bleeding, Management of IBD (Adults and Paediatrics), Manag…",https://www.yashodahospitals.com/doctor/hitec-city/gastroenterology/dr-santosh-enaganti/,Yashoda Hospital Hitec City
Dr. Sariki Veda Sai Maheswari,"MBBS, MS, FCRS",Cataract Phaco & Lasik SurgeonConsultant Ophthalmologist.,2 Yrs,"English, Hindi, Telugu, Marathi, Kanada",Hitec City,Day time OPD: MON – SAT : 09:00 AM – 05:00 PM,"Advances of Phacoemulsification, Management of Retinal Diseases, Corneal Refractive Surgeries, Pediatric Ophthalmology","Cataract Evaluation, Cataract Surgery, Glaucoma Treatment, Refractive Procedures, Medical Retina Treatment, General Ocular Evaluation",https://www.yashodahospitals.com/doctor/hitec-city/ophthalmology/dr-sariki-veda-sai-maheswari/,Yashoda Hospital Hitec City
Dr. Satyesh Chowdary Muppavarapu,"MBBS, MD Pediatrics (JSSAHER, Mysuru) DM Pediatric Neurology (AIMS, Kochi)",Consultant Paediatric Neurologist,6 Yrs,"English, Telugu, Hindi, Kannada, Malayalam",Hitec City,Day time OPD: MON-SAT : 10.30 AM to 05.30 PM,"Neuromuscular Disorders, Paediatric Movement Disorders, Paediatric Epilepsy, Neonatal Neurology, Dietary Therapy in Complex Epilepsy, Paediatric Demyelination","Neuromuscular Disorders, Paediatric Movement Disorders, Paediatric Epilepsy, Neonatal Neurology, Dietary Therapy in Complex Epilepsy, Paediatric Demyelination",https://www.yashodahospitals.com/doctor/hitec-city/pediatric-neurology/dr-satyesh-chowdary-muppavarapu/,Yashoda Hospital Hitec City
Dr. Shatabdi Giri,"MBBS, MD Paediatrics (Gold Medalist), DrNB Paediatric Cardiology",Consultant Pediatric Cardiologist,2 Yrs,"English, Hindi, Oriya",Hitec City,Day time OPD: MON-SAT  : 9.00 am – 5:00 pm,"Pediatric Echocardiography, Pediatric Pulmonary Hypertension","Comprehensive Cardiac Evaluation, Detailed clinical assessment including history, physical examination, and risk stratification., Diagnostic Cardiology , Pediatric Echocardiography (2D, 3D, Fetal Echo…",https://www.yashodahospitals.com/doctor/hitec-city/pediatric-cardiology/dr-shatabdi-giri/,Yashoda Hospital Hitec City
Dr. Shikhar Kumar,"MBBS, MD (PGIMER Chandigarh), DM Medical Oncology (Tata Memorial Hospital, Mumbai), ECMO (European Certified Medical Oncologist)",Consultant Medical Oncologist,13 Yrs,"English, Hindi, Telugu",Hitec City,Day time OPD: MON – SAT : 9:00 AM – 4:00 PM,Expertise info not available,Services info not available,https://www.yashodahospitals.com/doctor/hitec-city/medical-oncology/dr-shikhar-kumar/,Yashoda Hospital Hitec City
Dr. Sindhura Mandava,"MD (DVL), FAM (USA)",Sr. Consultant Dermatologist & Aesthetics,14 Yrs,"English, Telugu, Hindi, Tamil, Kannada",Hitec City,Day time OPD: MON – SAT : 11:00 AM – 03:00 PM,"Clinical Dermatosurgery and Lasers, Anti Ageing Treatments, Hair Fall Treatments, Skin Rejuvenating Therapies, Acne Treatments, Non Invasive Procedures","Medi Facials, Hydra Facials, Skin Booster, Skin Lightening, Skin Tag & Warts Removal, Skin Biposy",https://www.yashodahospitals.com/doctor/hitec-city/dermatology/dr-sindhura-mandava/,Yashoda Hospital Hitec City
Dr. Somnath Gupta,"MBBS, DNB (Internal Medicine), MNAMS, MHSC (Diabetology), FIID (Infectious Diseases, Australia)CCRJD (Rheumatology), PGDED (Endocrinology & Diabetes – RCP, UK)",Sr. Consultant Physician & DiabetologyCLINICAL DIRECTOR,15 Yrs,"English, Hindi, Telugu",Hitec City,Day time OPD: MON – SAT : 9:00 AM – 4:00 PM Evening OPD: MON – SAT : 4:00 PM – 5:30 PM,"General Medical Disorders, Diabetes, Rheumatological Diseases, Infectious Diseases, Allergy and Immunological Disorders","Handling of casualties & critically ill patients, Geriatric Care, Vast Clinical Experience in Handling ICU Patients, Adult Vaccination, Treatment and Management of, HIV",https://www.yashodahospitals.com/doctor/hitec-city/general-medicine/dr-somnath-gupta/,Yashoda Hospital Hitec City
Dr. Srinath,"MBBS, MD Accident and Emergency Medicine","Senior Consultant & Group Head, Department of Emergency Medicine",27 Yrs,"English, Hindi, Telugu",Hitec City,Day time OPD: MON – SAT : 9:00 AM – 4:00 PM,Expertise info not available,Services info not available,https://www.yashodahospitals.com/doctor/hitec-city/emergency-services/dr-srinath/,Yashoda Hospital Hitec City
Dr. Sruthi Kola,"MD, DM Neurology, PDF Movement Disorders","Consultant Neurologist, Consultant PDMDRC",16 Yrs,English and Telugu,Hitec City,Day time OPD: MON – SAT : 10AM – 4PM,"Movement Disorders, Deep Brain Stimulation (DBS) Surgery & post OP Programming, Botulinum Toxin Therapy (Dystonias, Hemifacial Spasm, Blepharospasm, Writers cramp, Spasticity, Migraines), Apomorphine …","Diagnosing and managing neurological disorders, including movement disorders, stroke, epilepsy, ataxias, cognitive disorders, migraine and neuropathies., Performed Deep Brain Stimulation (DBS) surgeri…",https://www.yashodahospitals.com/doctor/hitec-city/movement-disorders/dr-sruthi-kola/,Yashoda Hospital Hitec City
Dr. V Nagarjuna Maturu,"MD, DM (Pulmonary & Critical Care Medicine), FCCP (USA), FAPSR","Senior Consultant, Clinical and Interventional Pulmonology",19 Yrs,"English, Hindi, Telugu",Hitec City,Day time OPD: MON – SAT : 11:00 AM – 05:00 PM,"Bronchoscopy and Endobronchial Ultrasonography (EBUS): Trained in both linear and radial EBUS, and has performed over 1000 bronchoscopies and 150 EBUS procedures., Medical thoracoscopy: Well-versed in…","Diagnostic Procedures , Bronchoalveolar lavage, Endobronchial biopsy, Transbronchial lung biopsy, Transbronchial cryo-lung biopsy, Endobronchial ultrasound-guided TBNA (Linear EBUS)",https://www.yashodahospitals.com/doctor/hitec-city/pulmonology/dr-v-nagarjuna-maturu/,Yashoda Hospital Hitec City
Dr. V Pratibh Prasad,"MBBS, DNB (Pulmonary Medicine), SCE-Resp Medicine (UK), Fellowship in Interventional Pulmonology",Consultant Clinical and Interventional Pulmonologist,10 Yrs,"English, Hindi, Telugu",Hitec City,Day time OPD: MON – SAT : 9:00 AM – 4:00 PM,"Obstructive Airway Diseases: Asthma, Allergy, COPD, Interstitial Lung Diseases, Respiratory Infections: Tuberculosis, Covid-19, Pneumonia, Interventional Pulmonology: Diagnostic and Therapeutic Bronch…","Pulmonology Outpatient and Inpatient Services, Advanced Pulmonary Function Tests, Advanced Sleep Diagnostics, Diagnostic Bronchoscopy, Medical Thoracoscopy, Linear and Radial EBUS",https://www.yashodahospitals.com/doctor/hitec-city/pulmonology/dr-v-pratibh-prasad/,Yashoda Hospital Hitec City
Dr. V. Rajasekhar,"MD, DM","Senior Consultant Interventional Cardiology & Electrophysiology, Certified Proctor For TAVR & Clinical Director",30 Yrs,"English, Telugu, Hindi",Hitec City,Day time OPD: MON – FRI : 09:00 AM – 05:00 PM SAT : 09:00 AM – 01:00 PM,"Complex Coronary and Aortic Interventions, Transcatheter Valve Interventions","Clinical Cardiology and Risk Management , Interventional Cardiology, including Complex Coronary Interventions like Left Main Stent, CTO, Bifurcation Stenting, Graft Stenting, ECMO Supported Interventi…",https://www.yashodahospitals.com/doctor/hitec-city/cardiology/dr-v-rajasekhar/,Yashoda Hospital Hitec City
Dr. Vamsikrishna,"M.S., Dr.NB (Neuro Surgery), Fellowship in Neuro Oncology & Skull Base Neurosurgeon",Consultant Neurosurgeon,6 Yrs,"Hindi, English, Telugu & Kannada",Hitec City,Day time OPD: MON-SAT : 09:00 AM – 05:00 PM,"Complex Brain and Spine surgeries, Neuro-oncology and Skull base surgery, Minimally Invasive Spine Procedures, Spine Instrumentation & Reconstruction, Neurotrauma Management & Critical care, Endoscopi…","Brain Tumor Surgery , Brain and Spine Trauma surgery , Cerebrovascular Surgery, Minimally Invasive Spine Surgery , Endoscopic Spine Surgery , Endoscopic Brain Surgery",https://www.yashodahospitals.com/doctor/hitec-city/neuro-surgery/dr-vamsikrishna/,Yashoda Hospital Hitec City
Dr. Venkat Raman Kola,"MD, DNB, IDCCM, EDIC",Clinical Director,19 Yrs,"English, Hindi, Telugu",Hitec City,Day time OPD: MON – SAT : 09:00 AM – 04:00 PM,"Infectious Diseases, Sepsis, Haemodynamics , MICU, ICCU, SICU & CTICU, Emergency & Trauma, Respiratory ICU","Percutaneous Tracheostomy, Central Venous, Arterial Access, Intra Venous Pacing, ICD, Chest Tube Insertion, Suprapubic Cystostomy, Difficult Airway Management",https://www.yashodahospitals.com/doctor/hitec-city/critical-care/dr-venkat-raman-kola/,Yashoda Hospital Hitec City
Dr. Venkata Swamy Pasupula,"MBBS, DM (Neurology)",Consultant Neurologist and Epileptologist,25 Yrs,"Telugu, English & Hindi",Hitec City,Day time OPD: MON – SAT : Not Available,"Epilepsy, Paediatric Epilepsy, Stroke, Movement Disorders, Neuroimmunology, Electrophysiological Studies","General Neurology, Stroke, Video EEG, SEEG, Epilepsy Management (Medical & Surgical), Intraoperative Monitoring (ECOG, MEP & SSEP)",https://www.yashodahospitals.com/doctor/hitec-city/neurology/dr-venkata-swamy-pasupula/,Yashoda Hospital Hitec City
Dr. Vennela Devarapalli,"MBBS, MD (Internal Medicine), Fellowship in Diabetology (CMC Vellore)",Consultant Physician,11 Yrs,"Telugu, English, Tamil, Hindi, Kannada",Hitec City,Day time OPD: MON – SAT : 11:00 AM – 07:00 PM,"Diabetes, Hypertension, Thyroid Disorders, Infectious Diseases, Pregnancy Related Medical Disorders","ICU Patient Care, Vaccination, Management of:, Diabetes, Hypertension, Dyslipidemia",https://www.yashodahospitals.com/doctor/hitec-city/general-medicine/dr-vennela-devarapalli/,Yashoda Hospital Hitec City
Dr. Venuthurla Ram Mohan Reddy,"MBBS, MS, MSc, FRCS (Ed), FRCS (Orth), CCT",Senior Consultant Orthopaedic Surgeon,31 Yrs,"English, Hindi, Telugu",Hitec City,Day time OPD: MON – SAT : 9:00 AM – 4:00 PM,Expertise info not available,Services info not available,https://www.yashodahospitals.com/doctor/hitec-city/orthopaedics/dr-venuthurla-ram-mohan-reddy/,Yashoda Hospital Hitec City
Dr. Vidya Tickoo,"MBBS, DNB (Internal Medicine), DNB (Endocrinology) – Gold Medalist",Consultant Endocrinologist & Diabetologist,8 Yrs,"Hindi, English, Telugu, Kashmiri",Hitec City,Day time OPD: MON – SAT : 9:00 AM – 4:00 PM,"Diabetes Mellitus, Neuroendocrinology, Metabolic Syndrome & Obesity, Thyroid Disorders","Obesity, Thyroid Disorders, Hypertension, PCOD, Paediatric Disorders (Short Stature, Pubertal Disorders), Obstetric Disorders (Gestational Diabetes & Thyroid Disorders in Pregnancy)",https://www.yashodahospitals.com/doctor/hitec-city/endocrinology/dr-vidya-tickoo/,Yashoda Hospital Hitec City
Dr. Vijaykumar C Bada,"MBBS, MS, DrNB (Surgical Gastroenterology) FMAS, FAIS, FIAGES, FACRS.","Sr. Consultant Surgical Gastroenterology, HPB, Bariatric & Robotic Sciences. Clinical Director",18 Yrs,"English, Hindi, Telugu",Hitec City,Day time OPD: MON – SAT : 09:00 AM – 05:00 PM,"Advanced Laparoscopic & Robotic Surgery, Liver & Pancreatic Shunts, GI Oncosurgery (Robotics), HPB Cancers, Esophageal Cancer, Management of Corrosive Injuries","Surgical Gastroenterology, HPB Surgery (Liver & Pancreas), GI Oncosurgery, Colorectal Surgery, Proctology and Complex Fistula , Bariatric Surgery",https://www.yashodahospitals.com/doctor/hitec-city/robotic-sciences/dr-vijaykumar-bada/,Yashoda Hospital Hitec City
Dr. Vikram Reddy Aerra,"MS (PGI), MCh (AIIMS), FRCSEd, FRCSEd (CTh)",Sr. Consultant Cardiothoracic SurgeonClinical Director,24 Yrs,"English, Hindi, Telugu",Hitec City,Day time OPD: MON – SAT : 9:00 AM – 4:00 PM,"Off Pump Coronary Artery Bypass Grafting, Valve Repairs, Minimally Invasive Cardiac Surgery, Aortic Aneurysm Surgery, Aortic Root Replacement, Aortic Arch Surgery","Surgery for Ischemic Heart Disease, Off Pump CABG, CABG + Ischemic Mitral Valve Repairs, CABG + Ischemic VSD Repairs, Surgery for Heart Valve Diseases, Mitral Valve Replacement/Repairs",https://www.yashodahospitals.com/doctor/hitec-city/ct-surgery/dr-vikram-reddy/,Yashoda Hospital Hitec City
Dr. Yeshwanth Paidimarri,"MD, DM(Neurology), SCE(UK)",Consultant Neurologist,16 Yrs,"English, Hindi, and Telugu",Hitec City,Day time OPD: MON-SAT : 09:00 AM – 04:00 PM,"Neuroimmunology, Movement disorders","Expertise in Comprehensive and Primary Stroke Management, , Neuroimmunology including Multiple Sclerosis, Neuromyelitis Optica and Autoimmune Epilepsies., Pre DBS Workup and BOTOX injections., Evaluat…",https://www.yashodahospitals.com/doctor/hitec-city/neurology/dr-yeshwanth-paidimarri/,Yashoda Hospital Hitec City
Ms Premalatha Errolla,"M.Ed. Special Education, MR (NIMH) MA Psychology",Visual Rehabilitation Specialist & Special Educator,8 Yrs,"Telugu, Hindi and English",Hitec City,Day time OPD: Mon – Sat : 9 AM to 4 PM,"Knowledge of early child development and disabilities, Assessment and individualised planning (IFSP/IEP), Early intervention strategies and play-based learning, Behavior management and positive suppo…","Vision Rehabilitation    , Special Education, Early Teaching (early intervention), Intervention for learning difficulties, ALDS",https://www.yashodahospitals.com/doctor/hitec-city/child-development-center/ms-premalatha-errolla/,Yashoda Hospital Hitec City
Ms Punya M,"MA Psychology, BED Intellectual Disability, PG Dip. in Rehabilitation Psychology. B.Sc. Microbiology",Counselling Psychologist & Special Educator,11 Yrs,"English, Hindi, and Telugu",Hitec City,Day time OPD: Mon – Sat :  9 AM – 6 PM,"Parental & Student Counselling: Guiding families through emotional and practical challenges with empathy and actionable strategies., Custom Therapy Plans: Designing tailored intervention…","Individualised Education Programmes (IEPs): Custom plans with goals, accommodations, and progress tracking., Behaviour Therapy (ABA): Positive reinforcement to reduce challenges and teac…",https://www.yashodahospitals.com/doctor/hitec-city/child-development-center/ms-punya-m/,Yashoda Hospital Hitec City
Prof. Dr. Rupam Borgohain,DM (Neurology),Senior Consultant Neurologist and Programme Director-PDMDRC,41 Yrs,"English, Hindi, Telugu, Assamese",Hitec City,Day time OPD: MON – SAT : 10AM – 4PM,"Movement Disorder Specialist, Expertise in Deep Brain Stimulation, Botulinum toxin Injection for various disease like Writers cramp, Dystonia (Cervical, Oromandibular, dysphonia), Hemi facial spasm, s…","Treatment for all Movement Disorders, Deep Brain Stimulation, Botulinum Toxin Injection",https://www.yashodahospitals.com/doctor/hitec-city/movement-disorders/dr-rupam-borgohain/,Yashoda Hospital Hitec City
Ravindra Reddy Kunduru,"PG Human Genetics, PGD Genetic Counselling, BGCI-Certified Counsellor",Genetic Counsellor,10 Yrs,"English, Hindi & Telugu",Hitec CityMalakpetSecunderabadSomajiguda,Day time OPD: MON – SAT : Not Available,"Cancer Genetics, Reproductive Genetics, Premarital Genetic Counselling and Reproductive Genetics, Prenatal & Preimplantation Genetic Diagnosis","Cancer Genetics, Paediatric Genetics, Adult Genetics, Premarital Genetic Counselling and Reproductive Genetics, Prenatal & Preimplantation Genetic Diagnosis, Risk Evaluation & Risk Management Advice (…",https://www.yashodahospitals.com/doctor/malakpet/clinical-genetics/ravindra-reddy-kunduru/,Yashoda Hospital Hitec City
Dr Amulya Mysore,"MBBS, DCH, DNB (Pediatrics), MNAMS, Master’s in Child Development",Senior Consultant-Pediatrician & Development Specialist,13 Yrs,"English, Telugu, Hindi, Kannada, Marathi",Hitec City,Day time OPD: MON-SAT : 09:00 AM – 4:00 PM,"Child development, Behavioural issues, Autism, ADHD, Communication delay","Comprehensive developmental assessments, Autism & ADHD evaluation and management, Early intervention planning, High-risk baby developmental follow-up, Behavioural counselling and parent guidance, Work…",https://www.yashodahospitals.com/doctor/hitec-city/child-development-center/dr-amulya-mysore/,Yashoda Hospital Hitec City
Dr Damodhar Reddy Gouni,"MBBS, MD(Gen. Medicine), DM(Cardiology)",Consultant Interventional Cardiologist,11 Yrs,"English, Telugu, Hindi, Malayalam",Hitec City,Day time OPD: MON – SAT : 10:00 AM – 4:00 PM,"Image Guided Angioplasty, Chronic Total Occlusions (CTO Intervention), Protected PTCA (IABP/ECMO/Impella Assisted PTCA), TAVR, CHIP PTCA, Rota/Lithotripsy Assisted PTCA","Coronary Angiogram, Graft Angiogram, Carotid Angiogram, Peripheral Angiogram, Primary Percutaneous Coronary Intervention, Chronic Total Occlusion",https://www.yashodahospitals.com/doctor/hitec-city/cardiology/dr-damodhar-reddy-gouni/,Yashoda Hospital Hitec City
Dr Debnarayan Dutta,"MBBS, MD, PhD (Radiotherapy)",Sr. Consultant Radiation Oncologist Clinical Director,19 Yrs,"English, Hindi & Bangla",Hitec City,Day time OPD: MON – SAT : 9:00 AM – 4:00 PM,"Radiosurgery, Stereotactic Body Radiation Therapy (SBRT), Neurooncology, Head & Neck Cancer","MR Linac Radiosurgery, Radiation therapy, IMRT, IGRT, Conventional Radiation Therapy",https://www.yashodahospitals.com/doctor/hitec-city/radiation-oncology/dr-debnarayan-dutta/,Yashoda Hospital Hitec City
Dr Gyanaranjan Nayak,"MBBS, MS, DNB, FACS",Sr Consultant ENT & Cochlear Implant SurgeonSkull Base & Head-Neck SurgeonEx-Associate Professor (PGIMER Chandigarh),10 Yrs,"English, Hindi & Oriya",Hitec City,Day time OPD: MON – SAT : 9:00 AM – 4:00 PM,"Cochlear Implant and Implantation Otology and Auditory Brainstem Implant, Pediatric ENT, Airway Reconstruction in laryngo-tracheal stenosis, Vestibular Disorders (Vertigo and Dizziness), Thyroid and P…","Ear Surgeries, Tympanoplasty, Myringoplasty, Grommet Insertion, Mastoidectomy, Stapedotomy",https://www.yashodahospitals.com/doctor/hitec-city/ent/dr-gyanaranjan-nayak/,Yashoda Hospital Hitec City
Dr Indira Brundavanam,"MPT (NIMS), BPT",Sr Paediatric Physiotherapist,12 Yrs,"English, Telugu and Hindi",Hitec City,Day time OPD: MON-SAT : 10:00 AM – 4:00 PM,Expertise info not available,"Perform extensive patient evaluation- in neuromuscular conditions and pre-botox evaluation, One of the few physiotherapists in India to be certified and trained in evaluating children with spinal musc…",https://www.yashodahospitals.com/doctor/hitec-city/pediatric-physiotherapy/dr-indira-brundavanam/,Yashoda Hospital Hitec City
Dr Jagadish Polavarapu,"MBBS (Osmania); MD Internal Medicine (Osmania).  DM (Gastroenterology) CMC Vellore, ESEGH (UK)",Consultant Gastroenterologist & Hepatologist Bariatric Endoscopist,10 Yrs,"Telugu, English, Hindi, Tamil",Hitec City,Day time OPD: MON – SAT : 9:00 AM – 4:00 PM,"Endobariatrics: Intragastric Balloon placement, Endoscopic Sleeve Gastroplasty, Advanced endoscopic techniques – Magnification Endoscopy, ERCP & EUS, Diagnostic and therapeutic UGI endoscopy and col…","Comprehensive Obesity Management, Management of Pancreatitis, Chronic Liver disease, Management of Hepatitis, Fatty Liver and Inflammatory Bowel Disease, Plasma exchange for Liver failure",https://www.yashodahospitals.com/doctor/hitec-city/gastroenterology/dr-jagadish-polavarapu/,Yashoda Hospital Hitec City
Dr Jyoti Lal Das,"MASLP (MERF, TNMGRMU); ASLP (SARS, OU). MSc Psychology | MBA-HHCM",Consultant Audiologist & Speech Therapist (Swallowing Specialist),13 Yrs,"English, Hindi, Telugu, Nepali, Bhojpuri & Maithili",Hitec City,Day time OPD: MON – SAT : Not Available,Expertise info not available,"AUDIOLOGY, Early Hearing Detection & Intervention (EHDI), Universal Newborn Hearing Screening (OAE, AABR), High-risk infant screening (NICU/PICU), Early identification and intervention p…",https://www.yashodahospitals.com/doctor/hitec-city/child-development-center/dr-jyoti-lal-das/,Yashoda Hospital Hitec City
Dr Krishna Bharadwaj Pegatraju,"MD (Medicine), DM (Gastroenterology – CMC, Vellore), ESEGH (UK)","Consultant Gastroenterologist, Pancreatologist and Advanced Endoscopist",9 Yrs,"Telugu, English, Hindi and Tamil",Hitec City,Day time OPD: MON-SAT : 10:00 AM – 4:00 PM,"Pancreatic disorders, Post-ERCP Pancreatitis, Severe acute pancreatitis, including biomarkers for prognosis & prediction, Advanced endoscopic techniques: Magnification Endoscopy, ERCP & EUS, Diagnosti…","Management of Acute and Chronic Pancreatitis, Chronic Liver disease, Hepatitis, Fatty Liver and Inflammatory Bowel Disease, Plasma exchange for Liver failure, Gas and Bloating",https://www.yashodahospitals.com/doctor/hitec-city/gastroenterology/dr-krishna-bharadwaj-pegatraju/,Yashoda Hospital Hitec City
Dr L. Harish Rao,"MBBS, MD (Pulmonary Medicine)",Consultant Clinical & Interventional Pulmonologist,10 Yrs,"English, Telugu, Hindi",Hitec City,Day time OPD: MON – SAT : 9:00 AM – 4:00 PM,Expertise info not available,"Basic  Pulmonology OPD & IPD Services, Respiratory Infections ( Pneumonia, Tuberculosis, Covid 19), Interstitial lung diseases evaluation & management, Expert-level Asthma Care, Chronic Obstructive Pu…",https://www.yashodahospitals.com/doctor/hitec-city/pulmonology/dr-l-harish-rao/,Yashoda Hospital Hitec City
Dr Mahesh Kota,"MD, IDCCM, DNB (Nephro)",Consultant Nephrologist,8 Yrs,"Telugu, Tamil and English",Hitec City,Day time OPD: MON – SAT  : 09:00 AM – 4:00 PM,"Critical Care Nephrology, Onco Nephrology","Evaluation and Management of Acute and Chronic Kidney Diseases, Evaluation and Management of Rapidly Progressive Renal Failure , Screening for Kidney Diseases, Management of Patients with Renal Involv…",https://www.yashodahospitals.com/doctor/hitec-city/nephrology/dr-mahesh-kota/,Yashoda Hospital Hitec City
Dr Md. Tajuddin Farooqui,"MBBS, DNB(Gen Med), DrNB Medical Gastro)",Consultant Medical Gastroenterologist & Hepatologist,5 Yrs,"Hindi, Telugu, Urdu & English",Hitec City,Day time OPD: MON – SAT : 9:00 AM – 4:00 PM,"ERCP, EUS, Third space endoscopy ( ESD, EMR, POEM )","Comprehensive diagnosis and management of gastrointestinal disorders, including GERD, IBS, IBD, peptic ulcer disease, and gastrointestinal bleeding, Evaluation and treatment of liver diseases, pancrea…",https://www.yashodahospitals.com/doctor/hitec-city/gastroenterology/dr-md-tajuddin-farooqui/,Yashoda Hospital Hitec City
Dr Prabhat Reddy Lakkireddi,"MS (Ortho), MRCS (UK), FRCS Orthopaedics (UK)",Sr Consultant Orthopaedic Surgeon Sports injuries & Robotic Joint Replacement Clinical Director,26 Yrs,"Telugu, Hindi and English",Hitec City,Day time OPD: MON-SAT : 10:00 AM to 4:00 PM,"Sports Injuries, Hip and Knee Problems in Young Adults  , SpeedBridge Technique , Oxinium High Flexion Knee System with Verilast Polyethylene, Ortho Pilot Navigation System for Knee Replacement using …","SHOULDER ARTHROSCOPY, Advanced Shoulder Arthroscopy, Shoulder Stabilisation and Reconstruction Procedures, KNEE ARTHROSCOPY, ACL Reconstruction, PCL Reconstruction",https://www.yashodahospitals.com/doctor/hitec-city/orthopaedics/dr-prabhat-reddy-lakkireddi/,Yashoda Hospital Hitec City
Dr Sarah Bailur,"MBBS, DNB, FIGG, FSIAMG, MNT, FNM (Spain)",Consultant Medical Geneticist & Metabolic Specialist,16 Yrs,"English, Telugu, Hindi",Hitec City,Day time OPD: MON – SAT : 09:00 AM – 04:00 PM,"Short stature for Genetic Evaluation, Obesity for Genetic Evaluation, Cancer Genetics, Pretest Counselling, Post-test Counselling, Management of Genetic Disorders","Pediatric Genetic Disorders/Syndromes, Inborn Errors of Metabolism, Storage Disorders, Antenatal Genetic Counselling, Periconception Genetic Counselling, Recurrent Pregnancy Loss",https://www.yashodahospitals.com/doctor/hitec-city/medical-genetics/dr-sarah-bailur/,Yashoda Hospital Hitec City
Dr Shanti Bhushan,"BPT, NDT (USA), MIAP",Chief Pediatric Physiotherapist,30 Yrs,"English, Hindi and Telugu",Hitec City,Day time OPD: MON-SAT : 10:00 AM – 4:00 PM,Expertise info not available,"Developed personalised exercise program for obstetric brachial plexus palsy – starting electrical stimulation for 45-day-old baby, Deal with children with motor dissociative disorder / functional di…",https://www.yashodahospitals.com/doctor/hitec-city/pediatric-physiotherapy/dr-shanti-bhushan/,Yashoda Hospital Hitec City
Dr Shikha Singh Thakur,Master of Occupational Therapy (Mental Health) Certified in Sensory Integration Therapist,Clinical Occupational Therapist,6 Yrs,"English, Hindi",Hitec City,Day time OPD: MON – SAT : Not Available,"Pediatric Occupational Therapy, Sensory Integration, ADHD and Behavioral Management, Cognitive and Functional Skill Development, Child Rehabilitation","Pediatric Occupational Therapy, Sensory Integration Therapy, Behavioural Therapy Support, Developmental Assessments, Cognitive and Functional Skill Training",https://www.yashodahospitals.com/doctor/hitec-city/child-development-center/dr-shikha-singh-thakur/,Yashoda Hospital Hitec City
Dr Somasekhara Naraganti,"M.Phil., Ph.D.",Senior Clinical Psychologist,16 Yrs,"English, Telugu, Hindi",Hitec City,Day time OPD: MON – SAT : 09:00 AM – 04:00 PM,"Assessment of Intelligence, Assessment of Personality, Assessment of Developmental delay, Assessment of Autism & ADHD, Assessment of Learning Disability, Management of Behavioral Problems",Services info not available,https://www.yashodahospitals.com/doctor/hitec-city/clinical-psychology/dr-somasekhara-naraganti/,Yashoda Hospital Hitec City
Dr Sri Anagha. O,MSC Clinical Psychology,Counselling Psychologist and Behavior Therapist,1 Yrs,"English, Telugu, Hindi and Kannada",Hitec City,Day time OPD: MON-SAT : 9:00 am – 6:00 pm,"Early Childhood Developmental & Behavioural Interventions, Communication Skill Development, Social Skill Enhancement, Self-Regulation & Emotional Management Training, Structured Evidence-Based Therapy…","Clinical Counselling for Children & Parents, Behavioural Modification Therapy using ABA Interventions, Management of Tantrums, Aggression & Self-Injurious Behaviours, Frustration Tolerance & Emotional…",https://www.yashodahospitals.com/doctor/hitec-city/child-development-center/dr-sri-anagha-o/,Yashoda Hospital Hitec City
Dr Tejopratap Oleti,"MBBS, MD, DM (Neonatology)","Sr Consultant Neonatologist, HOD – Department of NeonatologyClinical Director",18 Yrs,"Telugu, Hindi & English",Hitec City,Day time OPD: MON – SAT : 09:00 AM – 04:00 PM,"Non-invasive ventilation, Neuroprotective care, Management of extreme preterm neonates, Neonatal hemodynamics, Quality improvement","Care of Sick Neonates, Care of premature neonates (including extreme preterm neonates), Care of Neonatal Respiratory disorders, Mechanical Ventilation, Non-invasive Ventilation, Nitric oxide Therapy",https://www.yashodahospitals.com/doctor/hitec-city/neonatology/dr-tejopratap-oleti/,Yashoda Hospital Hitec City
Dr Varun Addagarla,DNB(Internal Medicine) DM(Medical Gastroenterology),"Consultant Gastroenterologist, Hepatologist and Therapeutic Endoscopist",5 Yrs,"English, Telugu and Hindi",Hitec City,Day time OPD: MON – SAT : 09:00 AM – 4:00 PM,"Endoscopic management of pancreaticobiliary diseases, Chronic liver disease, Inflammatory bowel disease, GI Bleed","Evaluation and management of dyspepsia, GERD, abdominal pain, jaundice, acute and chronic diarrhoea, constipation, blood in stools and unexplained weight loss, GI Malignancies, Diagnostic and Therapeu…",https://www.yashodahospitals.com/doctor/hitec-city/gastroenterology/dr-varun-addagarla/,Yashoda Hospital Hitec City
Dr. Ajit Babu Majji,"MD (Ophthalmology), FRCS",Lead Consultant Vitreo – Retinal Services,37 Yrs,"English, Telugu, Hindi",Hitec City,Day time OPD: MON – SAT : 9:00 AM – 4:00 PM,"Diabetic Retinopathy, Age-related Macular Degeneration, Myopia & Retinal Detachment, Vascular Occlusions, Retinal Vasculitis, Uvetis","Diabetic Retinopathy Management, including Vitreous surgery, Vitreo-Retinal Surgery, Retinal Detchment, Vitreous Hemorrhage, Retinal Vascular Disorders, Retinal Dystrophies",https://www.yashodahospitals.com/doctor/hitec-city/ophthalmology/dr-ajit-babu-majji/,Yashoda Hospital Hitec City
Dr. Anitha Kunnaiah,"MBBS, DGO, DNB, DRM (Germany)","Senior Consultant – Obstetrics, Gynecology & Infertility Laparoscopic & Robotic Surgeon",20 Yrs,"English, Hindi, Telugu, Kannada",Hitec City,Day time OPD: MON – SAT : 9:00 AM – 4:00 PM Evening OPD: MON – SAT : 06:00 PM – 08:00 PM,"Proctor & Epicenter – da Vinci Robotic Surgery, Centre of Excellence – Association of Robotic and Innovative Surgeons (ARIS), Advanced Gynecologic Robotic Surgery (da Vinci System), Advanced Lapar…",Gynaecological ServicesMinimally Invasive SurgerySimple to Complex Laparoscopic SurgeryLaparoscopic Ovarian Cystectomy Laparoscopic Tubectomy Laparos…,https://www.yashodahospitals.com/doctor/hitec-city/gynaecology/dr-anitha-kunnaiah/,Yashoda Hospital Hitec City
Dr. Ashok Kumar Singh,"MBBS, DLO, DNB",Sr. Consultant ENT & Head and Neck SurgeonCochlear Implant & Snoring Surgeon,22 Yrs,"English, Hindi, Telugu, Maithili",Hitec City,Day time OPD: Mon to Sat : 9AM to 5PM,"Cochlear Implants, Septorhinoplasty, Sleep Apnea Surgeries, Skull base surgery","Ear Surgeries & Treatments, Ear Drum Repair, Ear Micro Surgery, Ear Reconstructive Surgery, Reconstructive Middle Ear Surgery, Congenital Ear Problem Treatment",https://www.yashodahospitals.com/doctor/hitec-city/ent/dr-ashok-kumar-singh/,Yashoda Hospital Hitec City
Dr. B. Jagan Mohan Reddy,"MS, MCh (Surgical Gastroenterology), FIAGES","Senior Consultant Surgical Gastroenterologist & Robotic Surgeon, Advanced Laparoscopic & Metabolic Surgeon, HPB & Colorectal Surgeon",15 Yrs,"English, Telugu, Hindi",Hitec City,Day time OPD: MON – SAT : 9:00 AM – 4:00 PM,"Advanced Minimal Access Surgery , Advanced Robotic Surgery, Complex Hepatobiliary Surgery , Complex Pancreatic Surgery, Lasers in Colorectal Surgery, Innovations in GI Research","Advanced Laparoscopic GI Surgery, All Types of Hernia, Difficult Gallbladder Pathology, Lap Heller’s Cardiomyotomy, All GI Cancers, Bowel Resections",https://www.yashodahospitals.com/doctor/hitec-city/surgical-gastroenterology/dr-b-jagan-mohan-reddy/,Yashoda Hospital Hitec City
Dr. Bala Raja Sekhar Chandra Yetukuri,"MS, MCh, (PGI Chandigarh)",Sr. Consultant Neuro & Spine SurgeonClinical Director – Advance EndoScopic Spine Surgery,17 Yrs,"English, Hindi, Telugu",Hitec City,Day time OPD: MON – SAT : 9:00 AM – 4:00 PM,Expertise info not available,"Brain Tumour Treatment, Craniotomy, Deep Brain Stimulation, Disc Replacement (Cervical/Lumbar), Kyphoplasty, Laminectomy",https://www.yashodahospitals.com/doctor/hitec-city/neuro-surgery/dr-bala-raja-sekhar-chandra-yetukuri/,Yashoda Hospital Hitec City
Dr. Balasubramoniam K R,"MS (General Surgery), MCh (CVTS)",Consultant Robotic and Minimally Invasive Thoracic Surgeon,15 Yrs,"English, Hindi, Telugu",Hitec CityMalakpetSecunderabad,Day time OPD: MON – SAT : 09:00 AM – 04:00 PM,"Lung Transplantation for End Stage Lung Failure, Minimally Invasive (Keyhole) Thoracic Surgery-VATS & Robotics, Comprehensive Management of Lung Cancer, Robotic Mediastinal Tumour Excision-Thymectomy …",Services info not available,https://www.yashodahospitals.com/doctor/secunderabad/heart-and-lung-transplant/dr-balasubramoniam/,Yashoda Hospital Hitec City
Dr. Bhanu Prakash M,"MS, Fellow (Cornea), FICO, FAICO (Refractive Surgery), FRCS",Sr. Consultant Cataract Cornea and Refractive Surgeon,17 Yrs,"English, Hindi, Telugu, Kannada",Hitec City,Day time OPD: MON – SAT : 9:00 AM – 4:00 PM,"Femto-Cataract Surgery, LASIK Laser Eye Surgery, Small Incision Lenticule Extraction (SMILE), Implantable Collamer Lens (ICL) Surgery, Glued Intraocular Lens Implantation (Glued IOL)","Topical Phacoemulsification, Small Incision Cataract Surgery (SICS), LASIK Laser Eye Surgery, Femto LASIK Surgery, Small Incision Lenticule Extraction (SMILE), Implantable Collamer Lens (ICL) Surgery",https://www.yashodahospitals.com/doctor/hitec-city/ophthalmology/dr-bhanu-prakash-m/,Yashoda Hospital Hitec City
Dr. Bharat Vijay Purohit,"MD, DM, FSCAI, FACC, FESC",Sr. Consultant Interventional Cardiologist & Director of Cath Lab,22 Yrs,"English, Hindi, Telugu",Hitec City,Day time OPD: MON – SAT : 10:00 AM – 4:00 PM,"Transcatheter Aortic Valve Replacement (TAVR), Complex Angioplasty (Retrograde CTO Intervention, Post Bypass Surgery Angioplasty, Bifurcation Stenting LMCA Angioplasty), Proctor for Rotablation and Le…",Services info not available,https://www.yashodahospitals.com/doctor/hitec-city/cardiology/dr-bharat-vijay-purohit/,Yashoda Hospital Hitec City
Dr. Bharath Kumar,"MBBS, MD Radiation Oncology",Consultant Radiation Oncologist,7 Yrs,"English, Hindi, Telugu, Tamil",Hitec City,Day time OPD: MON-SAT : 9:00 AM to 5:00 PM,"Stereotactic Body Radiotherapy, Stereotactic Radiosurgery with special interest in genitourinary cancers and gynaecological cancers,  Brachytherapy, gastrointestinal, head and neck, thoracic and breas…","MR Linac Radiosurgery, Radiation therapy,  IMRT (Intensity-Modulated Radiation Therapy), IGRT (Image-Guided Radiation Therapy) , Conventional Radiation Therapy",https://www.yashodahospitals.com/doctor/hitec-city/radiation-oncology/dr-bharath-kumar/,Yashoda Hospital Hitec City
Dr. Bhavin L. Ram,"MS, DNB (Vascular Surgery)",Sr. Consultant Vascular & Endovascular Surgeon,14 Yrs,"English, Hindi, Gujarati, Kannada, Telugu",Hitec City,Day time OPD: MON – SAT : 10:00 AM – 04:00 PM Evening OPD: MON – SAT : 05:00 PM – 06:00 PM,"Aortic and Peripheral (Iliac, SFA, Popliteal, Tibial) Angioplasty & Stenting, Venous (Iliac, IVC, SVC, Innominate vein) Angioplasty & Stenting, Varicose Vein Treatment by Endovenous Ablation, Aortic A…",Services info not available,https://www.yashodahospitals.com/doctor/hitec-city/vascular-surgery/dr-bhavin-l-ram/,Yashoda Hospital Hitec City
Dr. Chinnababu Sunkavalli,"MS (Gen Surg), MCh (Surg Onco), FIAGES, PDCR","Clinical Director-Surgical Oncology, Sr. Consultant Surgical Oncology and Robotic Surgical Oncology",23 Yrs,"English, Hindi, Telugu",Hitec City,Day time OPD: MON – SAT : 09:00 AM – 05:00 PM,"Surgical Oncology, Robotic Surgical Oncology, Minimally Invasive Oncosurgery",Surgical treatment for cancers ofUterusCervixOvaryBreastColonStomachOesophagusOral (Head and Neck Cancers)Thyroid,https://www.yashodahospitals.com/doctor/hitec-city/surgical-oncology/dr-chinnababu-sunkavalli/,Yashoda Hospital Hitec City
Dr. D. B. Aditya Somayaji,"MS (Ortho), Fellow in Foot and Ankle Surgery (USA), Fellow in Joint Replacement","Consultant Orthopaedic Surgeon, Foot & Ankle Surgery",15 Yrs,"English, Telugu, Hindi",Hitec City,Day time OPD: MON – SAT : 9:00 AM – 4:00 PM,"Foot and Ankle Surgeries, Diabetic Foot Disease, Joint Replacement, Sports Injuries, Trauma","Total Knee Replacement, Total Hip Replacement, Shoulder Replacement, Foot and Ankle Surgery, Complex Trauma Surgery, Sports Injuries and Arthroscopy",https://www.yashodahospitals.com/doctor/hitec-city/orthopaedics/dr-d-b-aditya-somayaji/,Yashoda Hospital Hitec City
Dr. D. Sainath,MDS,"Conservative, Cosmetic, & Endodontist",16 Yrs,"Telugu, English, Hindi, Tamil",Hitec City,Day time OPD: MON – SAT : Not Available,"Digital X-Ray, Child Dental Treatment, Orthodontic Braces, Clear Aligners, Teeth Cleaning, Dentures","Expertise In Preventive Dental Care, Management Of Dental Caries, Root Canal Treatment, Vital Pulp Therapy, Endodontic Microsurgery , Regenerative Endodontic Procedures",https://www.yashodahospitals.com/doctor/hitec-city/dental-surgery/dr-d-sainath/,Yashoda Hospital Hitec City
Dr. Damalapati Sonia Rani,"MBBS, DGO, DNB (OBS & GYN)",Sr Consultant Obstetrician and Gynecologist,16 Yrs,"English, Hindi Tamil & Telugu",Hitec City,Day time OPD: MON-SAT : 9:00 AM – 3:00 PM,"High-risk pregnancy management, PCOD/PCOS management, Fibroid and ovarian cyst removal, Normal and assisted vaginal delivery, Menstrual and menopausal disorder treatment,  Contraceptive counselling an…","Adenomyosis, Ectopic Pregnancy, Fibroids, Laparoscopic Hysterectomy, Laparoscopic Tubal Ligation, LOD",https://www.yashodahospitals.com/doctor/hitec-city/gynaecology/dr-damalapati-sonia-rani/,Yashoda Hospital Hitec City
Dr. Dara Swamy,"MD Paediatrics (PGIMER Chandigarh), DNB Paediatrics, IDPCCM",Sr Consultant Paediatrician & Paediatric Intensivist,10 Yrs,"Telugu, Hindi and English",Hitec City,Day time OPD: MON-SAT : 9:00 am to 4:00 pm Evening OPD: MON-SAT : 4:00 pm to 6:00 pm,"Pediatric Intensive Care Unit, Quality Improvement (QI) , Pediatric Advanced Life Support, Extracorporeal Life Support (ECLS), POCUS – Point-of-Care Ultrasound","General Paediatrics Services, Comprehensive care for infants, children, and adolescents, Newborn and well-baby check-ups, Growth and developmental assessment, Vaccination and immunisation services, Ma…",https://www.yashodahospitals.com/doctor/hitec-city/pediatrics/dr-dara-swamy/,Yashoda Hospital Hitec City
Dr. Dilip Kumar Singaraju,"MBBS, MD (Internal Medicine) Manipal,  MSc Advancing Diabetes Care, Birmmingham University, UK",Sr. Consultant Physician & Diabetologist,18 Yrs,"English , Telugu ,Hindi",Hitec City,Day time OPD: MON – SAT : 9:00 AM – 4:00 PM,"Diabetes, General Medical Disorders, Infectious Diseases, Allergy and Immunological Disorders","Infectious Diseases (Dengue, Malaria, Respiratory Tract Infections (Covid-19), Sepsis, Chronic Diseases (Diabetes, Hypertension, Thyroid, Cardiac Diseases), Medical Emergencies (Poisonings, Snake Bite…",https://www.yashodahospitals.com/doctor/hitec-city/general-medicine/dr-dilip-kumar-singaraju/,Yashoda Hospital Hitec City
Dr. Dilip Nandamuri,"MD, FCCP (USA)",Sr. Consultant Physician & DiabetologistDepartment of Internal MedicineClinical Director,21 Yrs,"English, Hindi, Kannada, Telugu, Tamil",Hitec City,Day time OPD: MON – SAT : 9:00 AM – 4:00 PM,"Infectious Diseases, Diabetes, Hypertension, High Cholesterol Levels, Lifestyle Diseases, Thyroid Disorders",Services info not available,https://www.yashodahospitals.com/doctor/hitec-city/general-medicine/dr-dileep-nandamuri/,Yashoda Hospital Hitec City
Dr. G Praveen Kumar,"MBBS, DNB (Pediatrics), DM (Neonatology)",Consultant Neonatologist & Pediatrician,10 Yrs,"Telugu, English, Hindi, Tamil and Punjabi",Hitec City,Day time OPD: MON-SAT : 10:00 am – 4:00 pm,"Conventional Mechanical Ventilation, High-Frequency Oscillatory Ventilation (HFOV), Non-Invasive Ventilation (NIV), Inhaled Nitric Oxide Therapy, Therapeutic Hypothermia, Surfactant Replacement Therap…","OPD Consultations, NICU: specialized care of premature babies, low birth weight infants, and critically ill newborns , PICU: Advanced critical care for infants, children, and adolescents with serious …",https://www.yashodahospitals.com/doctor/hitec-city/pediatrics/dr-g-praveen-kumar/,Yashoda Hospital Hitec City
Dr. G. R. Mallikarjuna,"MS, MCh (Surgical Gastroenterology), FIAGES","Senior Consultant Surgical Gastroenterologist & Robotic Surgeon, Advanced Laparoscopic & Metabolic Surgeon, HPB & Colorectal Surgeon",16 Yrs,"English, Hindi, Tamil, Telugu",Hitec City,Day time OPD: MON – SAT : 9:00 AM – 4:00 PM,Pancreatic Surgery and Biliary Surgery,"Treatment for, Constipation, Diarrhoea, Chronic Abdominal Pain, Gallbladder Stones, Irritable Bowel Syndrome",https://www.yashodahospitals.com/doctor/hitec-city/surgical-gastroenterology/dr-g-r-mallikarjuna/,Yashoda Hospital Hitec City
Dr. G. V. Subbaiah Chowdhary,"MD, DM (Neurology)",Senior Consultant Neurologist & Clinical Director,26 Yrs,"English, Hindi, Telugu",Hitec City,Day time OPD: MON – SAT : 9:00 AM – 4:00 PM,Expertise info not available,Services info not available,https://www.yashodahospitals.com/doctor/hitec-city/neurology/dr-g-v-subbaiah-chowdhary/,Yashoda Hospital Hitec City
Dr. Ganesh Jaishetwar,"MD, DM PDF-BMT(TMC)Fellowship in Leukemia & BMT (Canada), MACP","Sr. Consultant Hematologist, Hemato-Oncologist & Bone Marrow Transplant Physician Clinical Director",25 Yrs,"English, Hindi, Telugu, Marathi, Kannada, Bengali",Hitec City,Day time OPD: MON – FRI : 08:30 AM – 02:00 PM SAT : 08:30 AM – 11:00 AM,"Blood Cancers (Leukemia, Lymphoma & Multiple Myeloma, Myelodysplastic Syndromes, Myeloproliferative Disorders), Blood & Bone Marrow Transplants , Hematological Consultations like Bleeding & Clotting D…","Treatment for , Leukemia, Lymphoma, Myeloma, Bone Marrow Transplant, CAR T-cell therapy",https://www.yashodahospitals.com/doctor/hitec-city/hematology-bmt/dr-ganesh-jaishetwar/,Yashoda Hospital Hitec City
Dr. Gopi Krishna Rayidi,"MD, DM",Sr. Consultant Interventional CardiologistClinical Director,16 Yrs,"Telugu, Hindi, English",Hitec City,Day time OPD: MON – SAT : 10:00 AM – 4:00 PM,"Bifurcation Stenting, Left Main Stenting, IVUS Guided Angioplasty","Structural Heart Interventions, Transcatheter Aortic Valve Replacement (TAVR), Device Closure for ASD, VSD, PDA, Coronary Interventions, Complex High-Risk Indicated Procedure Angioplasty (CHIP), Chron…",https://www.yashodahospitals.com/doctor/hitec-city/cardiology/dr-gopi-krishna-rayidi/,Yashoda Hospital Hitec City
Dr. Gopi Krishna Yedlapati,"MD (Pulmonary Medicine), FCCP (USA), FAPSR",Sr. Consultant Interventional Pulmonologist,19 Yrs,"English, Hindi, Telugu, Tamil, Kannada",Hitec City,Day time OPD: MON – SAT : 08:30 AM – 05:00 PM,Expertise info not available,"Comprehensive pulmonary services , Basic Pulmonology OPD and IPD Services , Bronchoscopy (Adults & Pediatrics), Video Bronchoscopy (Diagnostic and Therapeutic), Endobronchial Ultrasound (EBUS)…",https://www.yashodahospitals.com/doctor/hitec-city/pulmonology/dr-gopi-krishna-yedlapati/,Yashoda Hospital Hitec City
Dr. Gopi Srikanth,"MD (PGIMER), DM & Fellowship (AIIMS, New Delhi), EUS Fellowship (WISE, WEO)","Consultant in Gastroenterology, Hepatology, and Advanced Endoscopy",10 Yrs,"English, Hindi, Telugu",Hitec City,Day time OPD: MON – SAT : 9:00 AM – 4:00 PM,"Diagnostic and Therapeutic Management of Pancreatico-Biliary Diseases, Diagnostic and Therapeutic Endoscopic Ultrasound Procedures, Gastrointestinal Malignancies including Liver Malignancies, Gastroin…",Services info not available,https://www.yashodahospitals.com/doctor/hitec-city/gastroenterology/dr-gopi-srikanth/,Yashoda Hospital Hitec City
Dr. Gutta Srinivas,"MBBS, MS (Gen Surgery), DNB (Urology)","Sr. Consultant Urologist & Transplant Surgeon, Clinical Director-Department of Urology",25 Yrs,"English, Hindi, Telugu",Hitec City,Day time OPD: MON – SAT : 9:00 AM – 4:00 PM,"Renal Transplantation, Laparoscopic Urology, Endourology",Renal TransplantPerformed all types of kidney transplants (vast experience since 1997)The first transplant surgeon in India to perform an ABO incompatible renal transplant usin…,https://www.yashodahospitals.com/doctor/hitec-city/urology/dr-gutta-srinivas/,Yashoda Hospital Hitec City
Dr. Harish C. R.,"MBBS,MS (Ortho NIMS)","Sr. Consultant Orthopaedic Surgeon, Robotic Joint Replacement & Trauma Surgeon",24 Yrs,"English, Hindi, Telugu, Kannada",Hitec City,Day time OPD: MON – SAT : 9am – 5pm,"Joint Repalcements, ILizarov Surgery, Pelvi Acetabular Surgery","Hip Replacement: , Total Hip Replacement, Partial Hip Replacement, Revision (redo) Knee Replacement,  Knee Replacement: , Conventional and Robotic Total Knee Replacement",https://www.yashodahospitals.com/doctor/hitec-city/orthopaedics/dr-harish-c-r/,Yashoda Hospital Hitec City
Dr. Hrushikesh Aurangabadkar,"MBBS, DRM, DNB, FEBNM",Nuclear Medicine Consultant,15 Yrs,"English, Hindi, Marathi, Telugu",Hitec City,Day time OPD: MON – SAT : 9:00 AM – 4:00 PM,Expertise info not available,Services info not available,https://www.yashodahospitals.com/doctor/hitec-city/nuclear-medicine/dr-hrushikesh-aurangabadkar/,Yashoda Hospital Hitec City
Dr. J V S Aswith Chowdary,"MBBS, DNB, DM (Pulmonary Medicine, CMC Vellore)","Consultant Clinical & Interventional Pulmonologist, Allergy & Immunology Specialist",11 Yrs,"Telugu, Hindi, Tamil, English",Hitec City,Day time OPD: MON-SAT : 9:00 am – 5:00 pm,"Allergy and Immunology, Airway Disorders (asthma, COPD), Tobacco-related disorders and de-addiction, Pulmonary Infections (Tuberculosis, Bacterial and Fungal), Interstitial Lung Disease, Interventiona…","Pulmonology Outpatient and Inpatient Services, Diagnostic Allergy Testing (Skin Prick Test, Blood Test), Allergen Immunotherapy, Biologic Therapy, Adult Vaccination, Tobacco cessation counselling and …",https://www.yashodahospitals.com/doctor/hitec-city/pulmonology/dr-j-v-s-aswith-chowdary/,Yashoda Hospital Hitec City
Dr. Jamir Dilip Arlikar,"MBBS, MS General Surgery, Mch Paediatric Surgery Fellowship Paediatric Surgery, Johns Hopkins, USA","Honorary Consultant Paediatric Surgery and Paediatric Urology Minimal Invasive Paediatric Laparoscopic Surgeon, Neonatal Surgeon",22 Yrs,"Telugu, Marathi, Hindi & English",Hitec City,Day time OPD: MON-TUE | THU-SAT : 2:00 pm – 5:00 pm,"Paediatric Urology, Hypospadias Repair, Epispadias Repair, Laparoscopic / Open / Vesicoscopic Ureteric Reimplantation, Surgery for Undescended Testes, Hydrocele Repair","Paediatric Surgery, Paediatric Urology, Paediatric Thoracic Surgery, Laparoscopic Surgery for Neonates, Infants, and Children, Minimally Invasive Surgeries  for Neonates, Infants, and Children, Paedia…",https://www.yashodahospitals.com/doctor/hitec-city/pediatrics/dr-jamir-dilip-arlikar/,Yashoda Hospital Hitec City
Dr. Jaswanth Challa,"MD (Gen. Med), DM (Nephrology) JIPMER",Consultant Nephrologist,16 Yrs,"Telugu, Hindi, Tamil, English",Hitec City,Day time OPD: MON-SAT : 10:00 am to 5:00 pm,"Renal Transplantation , CAPD (Continuous Ambulatory Peritoneal Dialysis)","Hemodialysis, Peritoneal Dialysis, CAPD (Continuous Ambulatory Peritoneal Dialysis), APD (Automated Peritoneal Dialysis), Hemodiafiltration (HDF), CRRT",https://www.yashodahospitals.com/doctor/hitec-city/nephrology/dr-jaswanth-challa/,Yashoda Hospital Hitec City
Dr. Jithin Mathew,"MD, DM (Clinical Immunology & Rheumatology)PGI, Chandigarh",Consultant Rheumatology,6 Yrs,"English, Hindi, Tamil, Malayalam",Hitec City,Day time OPD: MON – SAT : 9:00 AM – 4:00 PM,"Interstitial Lung Disease due to Autoimmune Etiology, Systemic Vasculitis, Lupus Nephritis, Early Rheumatoid Arthritis","Diagnostic and Therapeutic Arthrocentesis and Intra-Articular Injections (Blind or USG Guided), Local Injections for Soft Tissue Rheumatism (Plantar Fasciitis, Achilles Tendinitis, Carpal Tunnel Syndr…",https://www.yashodahospitals.com/doctor/hitec-city/rheumatology/dr-jithin-mathew/,Yashoda Hospital Hitec City
Dr. K. S. Somasekhar Rao,"M. D (Gen Med),D.M.(Gastro)",Sr.Consultant Medical Gastroenterologist & Hepatologist. Clinical Director.,19 Yrs,"English, Hindi, Kannada, Tamil, Telugu",Hitec City,Day time OPD: MON – SAT : 9:00 AM – 4:00 PM Evening OPD: MON – SAT : 4:00 PM – 5:00 PM,"Chronic Liver Diseases, GI Bleed, Chronic Hepatitis B and Hepatitis C, Inflammatory Bowel Disease","Treatment for, Heartburn, Abdominal Pain, Acute and Chronic Diarrhoea, Pancreatitis, Gallbladder Stones",https://www.yashodahospitals.com/doctor/hitec-city/gastroenterology/dr-k-s-somasekhar-rao/,Yashoda Hospital Hitec City
Dr. Kala Jeethender Jain,"MD (General Medicine), DM Cardiology (NIMS), FSCAI",Consultant Interventional Cardiologist,13 Yrs,"English, Hindi, Telugu",Hitec City,Day time OPD: MON – SAT : 10:00 AM – 4:00 PM,"Coronary and Peripheral Interventions: Performed and Interpreted more than 5,000 Coronary Angiograms, Percutaneous Transluminal Coronary Angioplasty: Performed more than 1000 cases (Left Main Stenting…",Services info not available,https://www.yashodahospitals.com/doctor/hitec-city/cardiology/dr-kala-jeethender-jain/,Yashoda Hospital Hitec City
Dr. Kartik Vedula,"MBBS, DM Infectious Diseases (AIIMS, Delhi)",Consultant Infectious Diseases,9 Yrs,"Telugu, Hindi, English",Hitec City,Day time OPD: MON – SAT : 09:00 AM – 05:00 PM,"PUO (Fever of Unknown Origin), Critical Care Infections, Infections in Immunocompromised Patients (HIV, Transplant, HSCT, PID), Drug Resistant TB & HIV","Management of, Prolonged Fever (Fever of Unknown Origin), Tropical Infections (Malaria, Dengue, Typhoid, Rickettsial Infections), HIV/AIDS, Tuberculosis, Hospital Acquired Infections (Drug Resi…",https://www.yashodahospitals.com/doctor/hitec-city/infectious-diseases/dr-kartik-vedula/,Yashoda Hospital Hitec City
Dr. Kirthi Paladugu,"MBBS, MS (Ortho), FIJR (Germany)","Sr. Consultant Joint Replacement & Arthroscopy Surgeon, Robotic & Navigation Joint Replacement  (FIJR, Germany), Arthroscopy Surgeon -Shoulder & Knee(Sports Medicine), Minimally Invasive Trauma Surgeon. Clinical Director",16 Yrs,"English, Hindi, Telugu",Hitec City,Day time OPD: MON – SAT : 9:00 AM – 4:00 PM,"Navigation and Robotic Joint Replacements , Minimally Invasive Surgeries , Joint Replacement Surgeries , Revision Hip and Knee Replacement, Shoulder Replacement , Pelviacetabular Surgeries","Surgical Expertise in Navigation and Robotic Joint Replacements, Minimally Invasive Trauma, Foot and Ankle Surgery, Arthroscopic (Keyhole) Surgeries for the Knee, Shoulder, Ankle and Elbow, Cartilage …",https://www.yashodahospitals.com/doctor/hitec-city/orthopaedics/dr-kirthi-paladugu/,Yashoda Hospital Hitec City
Dr. Krishnaveni Nayini,"MBBS, DGO, DFFP, MRCOG (UK), FRCOG, CCT (UK),Laparoscopic & Robotic Surgeon  Fellowship in Reprodoctive Medicine(UK)",Sr. Consultant Obstetrician & Gynaecologist,26 Yrs,"English, Telugu, Hindi, Kannada",Hitec City,Day time OPD: MON – SAT : 9:00 AM – 4:00 PM,"Labour Ward Management , Laparoscopic Surgeries , Managing Infertility Patients , Colposcopy Services , Hysteroscopic Surgeries , Family Planning Services","Caesarean Section/Vaginal Birth, Operative Vaginal Deliveries, Complex Perineal Repairs, Vaginal Birth After Caesarean (VBAC) Service, Colposcopy, Laparoscopy for Gynaecology Patients",https://www.yashodahospitals.com/doctor/hitec-city/gynaecology/dr-krishnaveni-nayini/,Yashoda Hospital Hitec City
Dr. L. Sudarshan Reddy,MD (General Medicine),Sr. Consultant PhysicianDepartment of Internal MedicineClinical Director,24 Yrs,"Telugu, English, Hindi",Hitec City,Day time OPD: Mon – Sat : 9.30 AM To 3.00 PM,"Infectious Diseases (Dengue, Malaria), Respiratory Tract Infections (Covid-19), Sepsis, Chronic Diseases (Diabetes, Hypertension, Thyroid, Cardiac Diseases), Medical Emergencies (Poisonings, Snake Bit…",Services info not available,https://www.yashodahospitals.com/doctor/hitec-city/general-medicine/dr-l-sudarshan-reddy/,Yashoda Hospital Hitec City
Dr. Lokesh Lingappa,"MD (Pediatrics – PGIMER), DM (Neurology – NIMHANS), MRCPCH (UK), Fellowship in Pediatric Neurology (UK)",Clinical Director & Lead Consultant – Child & Adolescent Neurologist  Division of Pediatric Neurosciences,21 Yrs,"English, Hindi, Telugu & Kannada",Hitec City,Day time OPD: MON – SAT : 10:00 AM – 05:00 PM,"Pediatric and adolescent neurology, Infantile epilepsy and neonatal neurological disorders, Childhood stroke and mineralizing angiopathy, Intensive care neurology","Child and Adolescent Neurology, Neonatal Neurological Disorders, Infantile Epilepsy, Intensive Care Neurology, Long Term Outcomes of Acute Neurological Disorders, Pediatric Neurology",https://www.yashodahospitals.com/doctor/hitec-city/pediatric-neurology/dr-lokesh-lingappa/,Yashoda Hospital Hitec City
Dr. M. Suneetha,"MBBS, MD, DNB, FRCR (UK)","Sr. Consultant Radiation Oncologist , Clinical Director.",25 Yrs,"English, Hindi, Telugu",Hitec City,Day time OPD: MON – SAT : 9:00 AM – 4:00 PM,"Gynecological Cancers, MR Interstitial Hybrid and Template Bracytherapy (Gynecological Cancers)","Advanced Radiation Oncology Treatments (IMRT, RapidArc, IGRT,  Adaptive Therapies, etc.), Image Guided Brachytherapy & IORT, Lung and Liver SBRT, Neuro Oncology (SRS/SRT), Reirradiation, Organ Preserv…",https://www.yashodahospitals.com/doctor/hitec-city/radiation-oncology/dr-m-suneetha/,Yashoda Hospital Hitec City
Dr. M. Vijaya Saradhi,"MCh (Neurosurgery), DNB (Neurosurgery)Ex Prof-NIMS",Senior Consultant Neurosurgery (Brain and Spine Surgeon),29 Yrs,"Telugu, English, Hindi, Urdu, Sanskrit",Hitec City,Day time OPD: MON – SAT : 9:00 AM – 4:00 PM,Expertise info not available,"Brain Tumors and Spinal Cord Tumors, Epilepsy Sterio EEG, Temporal Lobectomy, Hemispherotomy, Lesionectomy, Parkinsonism Deep Brain Stimulation, Trauma, Vascular Aneurysm Clipping, Arteriovenous Malfo…",https://www.yashodahospitals.com/doctor/hitec-city/neuro-surgery/dr-m-vijaya-saradhi/,Yashoda Hospital Hitec City
Dr. Mallikarjuna Reddy N,"MBBS, MS, MCh, DNB (Urology), Fellow European Board of Urology",Sr. Consultant Urology & Robotic SurgeryClinical Director,31 Yrs,"English, Hindi, Telugu, Marathi, Tamil, Kannada, Punjabi",Hitec City,Day time OPD: MON – SAT : 9:00 AM – 4:00 PM,"Robotic-Assisted Kidney Transplant, Robotic and Laparoscopic Paediatric Urology (Kidney and Bladder in Children), Robotic Surgery for Kidney, Bladder, and Prostate Cancer, Robotic and Laparoscopic Rec…","Adult UrologyRobotic-Assisted Kidney TransplantRobotic Surgery for Kidney, Bladder, and Prostate CancerRobotic and Laparoscopic Reconstructive SurgeryLaser Surgery f…",https://www.yashodahospitals.com/doctor/hitec-city/urology/dr-mallikarjuna-reddy-n/,Yashoda Hospital Hitec City
Dr. Malyadri Paladugu,"MBBS, DNB, FIAGES, FALS (Oncology), MCh Surgical Oncology","Consultant Surgical Oncologist, Minimal Invasive Onco Surgeon",11 Yrs,"Telugu, Tamil, Kannada, Hindi, English, Malayalam",Hitec City,Day time OPD: MON – SAT : 9:00 AM – 4:00 PM,"Head & Neck Cancers, Breast Oncology & Oncoplasty, Thoracic Oncology, Gynaecological Cancers, Minimal Invasive Surgeries, Robotic Surgeries","Oral, Head & Neck Cancers, Thyroid Cancers, Breast Cancer & Breast Oncoplasty, Lung & Esophageal Cancers, Stomach & Colorectal Cancers, Gynaecological Cancers",https://www.yashodahospitals.com/doctor/hitec-city/surgical-oncology/dr-malyadri-paladugu/,Yashoda Hospital Hitec City
Dr. Manjunath Bale,"MS (AIIMS), MCh (AIIMS)",Consultant Robotic and Minimally Invasive Thoracic Surgeon,10 Yrs,"English, Hindi, Kannada, Telugu, Marathi",Hitec City,Day time OPD: MON – SAT      :  09:00 AM – 4:00 PM,"Uniportal Thoracic Surgery for Inflammatory Lung Conditions and Lung Cancer, Thymectomy (VATS/Robotic) for Myasthenia Gravis","Robotic Surgery, Uniportal & Multiportal VATS, Uniportal RATS, Repair of Chest Wall Deformities, Rib Fixation, Diaphragmatic Repair (VATS & Robotics)",https://www.yashodahospitals.com/doctor/hitec-city/thoracic-surgery/dr-manjunath-bale/,Yashoda Hospital Hitec City
Dr. Manoj Chandra,"MBBS, DNB (Neurosurgery)",Consultant Neurosurgeon (Brain and Spine Surgeon),9 Yrs,"Telugu, English, Urdu, Hindi",Hitec City,Day time OPD: MON – SAT : 09:00 AM – 03:30 PM,"Neuro-oncology, Minimally Invasive Spine Surgery, Paediatric Neurosurgery, Pain Neurosurgery","Spine Surgery (Micro and Endoscopic), Neuro-oncology (Brain and Spine Tumours), Endoscopic Pituitary Tumour Surgery, Neurotrauma (Brain and Spine), Cerebrovascular and Skull Base Surgery, Stereotactic…",https://www.yashodahospitals.com/doctor/hitec-city/neuro-surgery/dr-manoj-chandra/,Yashoda Hospital Hitec City
Dr. Mohammad Anas,"MBBS, MD Pediatrics, DrNb Pediatric Neurology",Consultant Pediatric Neurologist,6 Yrs,"Hindi, Urdu, English & Telugu",Hitec City,Day time OPD: MON – SAT : 09:00 AM – 4:00 PM,"Neuromuscular Disorders, Neurometabolic Disorders, Neonatal Neurology","Developmental Delay, Epilepsy, Headache, Migraine, Cerebral Palsy, Neonatal Neurology",https://www.yashodahospitals.com/doctor/hitec-city/pediatric-neurology/dr-mohammad-anas/,Yashoda Hospital Hitec City
Dr. Muralinath Vukkadala,"MBBS, MD (Internal Medicine), DrNB (Nephrology)","Consultant Nephrologist & Renal Transplant Physician In-Charge, Renal Transplant Unit",5 Yrs,"Telugu, Hindi, Tamil, and English",Hitec City,Day time OPD: MON-SAT : 10:00 am – 4:00 pm,"High-Risk Renal Transplantation (ABO-Incompatible, Re-Transplant, Sensitized Recipients) , Transplant Immunosuppression Optimization & Graft Survival , Critical Care & ICU Nephrology , IgA Nephropathy…","Kidney Transplantation (Living & Deceased Donor) , ABO-Incompatible & Re-Transplant Management , Desensitization in sensitised recipients , Hemodialysis (HD) & Hemodiafiltration (HDF) , Continuous Ren…",https://www.yashodahospitals.com/doctor/hitec-city/nephrology/dr-muralinath-vukkadala/,Yashoda Hospital Hitec City
Dr. Naidu N. Bethune,"MD, DM",Sr. Consultant Medical Oncologist &Hematologist,21 Yrs,"Telugu, English, Hindi",Hitec City,Day time OPD: MON – SAT : 9:00 AM – 4:00 PM,"Gynecological Cancers, Breast Cancers, Lung Cancers, Gastrointestinal Malignancies, Head & Neck Cancers, Hematological Malignancies","Chemotherapy and Targeted Therapy for Solid Tumors, Immunotherapy, Stem Cell Transplantation, Treatment with Radiation Modalities, Bone Marrow Transplantatio",https://www.yashodahospitals.com/doctor/hitec-city/medical-oncology/dr-naidu-n-bethune/,Yashoda Hospital Hitec City
Dr. Nandury Eshwar Chandra,"MBBS, MD, DNB, FRCR, FICR","Sr. Consultant & Head, Department of Radiology",30 Yrs,"English, Hindi, Telugu",Hitec City,Day time OPD: MON – SAT : 9:00 AM – 4:00 PM,Expertise info not available,"Body CT, including CT Guided Interventions on 64 slice and 128 slice scanners, Neuroimaging including Myelography, Head and Spine CT, and CT Cisternography, Angiography including Cerebral, Thoracic, A…",https://www.yashodahospitals.com/doctor/hitec-city/radiology/dr-nandury-eshwar-chandra/,Yashoda Hospital Hitec City
Dr. Naveen Kumar Dhagudu,"MBBS, MD (Psychiatry) DM-Addiction Psychiatry (AIIMS, New Delhi) CISAM (Canada), AFAMS",Sr. Consultant Psychiatrist,18 Yrs,"Telugu, English, Hindi, Marathi",Hitec City,Day time OPD: MON – SAT : 9:00 AM – 4:00 PM,"Alcohol, Tobacco, Cannabis and Drug Use Treatment, Consultation and Liaison Psychiatry Practice, Child and Adolescent Behavioural Problems, Neuropsychiatry Conditions like Delirium and others, Suicida…","Assessment, Diagnosis, and Treatment of Psychiatric Conditions, Addiction Treatment Services, Consultation and Liaison Psychiatry Services, Pharmacotherapy, Psychotherapy and Psychoeducation Services,…",https://www.yashodahospitals.com/doctor/hitec-city/psychiatry/dr-naveen-kumar-dhagudu/,Yashoda Hospital Hitec City
Dr. Naveen Polavarapu,"MRCP (Lon, UK), FRCP (Glasgow, UK), CCT (Gastro, UK) Liver Transplant Fellow (Birmingham, UK)","Senior Consultant, Medical Gastroenterologist, Liver Specialist, Lead – Advanced Endoscopic Interventions & Training, Clinical Director",25 Yrs,"English, Hindi, Telugu",Hitec City,Day time OPD: MON – SAT : 9:00 AM – 6:00 PM,"Liver, Pancreatic & Bile Duct Diseases, Transplant Hepatology, Complex Gastrointestinal Conditions, Advanced Endoscopic Procedures (ERCP, Spyglass Cholangioscopy, EFTR, EUS, Spiral Enteroscopy, Third …","Clinical Gastroenterology Services, Treatment & Management of Liver Diseases, Management of Pancreatic and Biliary Disorders, Advanced Endoscopic Interventions, Preventive & Screening Services, Pediat…",https://www.yashodahospitals.com/doctor/hitec-city/gastroenterology/dr-naveen-polavarapu/,Yashoda Hospital Hitec City
Dr. Navya KC,"MBBS, MD (OBG PGI, Chandigarh), DNB (OBG), Fellowship in Fetal Medicine (FMF-UK Accredited)",Consultant Fetal Medicine,11 Yrs,"English, Telugu, Tamil, Hindi, Punjabi",Hitec City,Day time OPD: MON – SAT : 9:00 AM – 4:00 PM,"Fetal Interventions, Genetic Diseases, Multiple Pregnancies, Preeclampsia Screening, Fetal Growth Restrictions, Building Awareness on Fetal Health, Fellowship Programs and Training Doctors in Fetal Me…","Fetal Scans:, Fetal Viability Scan, Advanced Fetal NT Scan (FMF First Trimester Risk Assessment, Double Marker Test & Quadruple Test), Advanced Anomaly Scans, Fetal Echocardiography (Advance Fe…",https://www.yashodahospitals.com/doctor/hitec-city/fetal-medicine/dr-navya-kc/,Yashoda Hospital Hitec City
Dr. Nikhil H. R,"MD (Radio Diagnosis), DrNB (Endovascular & Interventional Radiology), EBIR (Vienna)",Consultant Interventional Radiologist,9 Yrs,"English, Telugu, Hindi, Kannada, Tamil",Hitec City,Day time OPD: MON – SAT : 9:00 AM – 4:00 PM,"Interventional Neuroradiology, Gastrointestinal and Hepatobiliary Interventions, Interventional Oncology, Thoracic, Renal and Pelvic Interventions, Aortic and Peripheral Vascular Interventions","Neuro Interventions, Diagnostic Cerebral and Carotid Angiogram, Interventional Acute Stroke Management (Mechanical Thrombectomy with Stent Retrievers and Penumbra Aspiration System), Intracrani…",https://www.yashodahospitals.com/doctor/hitec-city/interventional-radiology/dr-nikhil-h-r/,Yashoda Hospital Hitec City
Dr. P. Prakash,"MS, MCh Plastic Surgery (NIMS), Fellowship in Supermicrosurgery (S. Korea), Ex. Associate Professor-NIMS",Consultant Plastic and Reconstructive Surgeon,15 Yrs,"Telugu, Hindi, English",Hitec City,Day time OPD: MON – SAT : 9:00 AM – 4:00 PM,"Reimplantations, Microsurgery, Supermicrosurgery, Cosmetic Surgery, Lymphedema Management, Brachial Plexus Surgeries","Brachial Plexus Surgeries, Hand Surgery, All Types of Trauma and its Management, All Types of Reconstruction (Oncoplastic, Orthoplastic, Traumatic, etc.), Congenital & Vascular Anomalies, Entire Spect…",https://www.yashodahospitals.com/doctor/hitec-city/plastic-surgery/dr-p-prakash/,Yashoda Hospital Hitec City
Dr. P. Sai Sudharshan,"M.S., MRCS, M.Ch., DNB, FRCS(Neurosurgery)",Consultant Neurosurgeon,30 Yrs,"Telugu, Hindi, English, Tamil & Malayalam",Hitec City,Day time OPD: MON-SAT : 9:00 AM to 4:00 PM,"Brain Tumour Treatment, Craniotomy, Deep Brain Stimulation, Disc Replacement (Cervical/Lumbar), Kyphoplasty, Laminectomy","Micro neurovascular surgery and endovascular surgery., Skull base and C.V.Junction, Minimally invasive spine surgery",https://www.yashodahospitals.com/doctor/hitec-city/neuro-surgery/dr-p-sai-sudharshan/,Yashoda Hospital Hitec City
Dr. P. Siva Charan Reddy,"MS, MCh (Surgical Gastroenterology), FMAS, FIAGES, FICRS","Senior Consultant Surgical Gastroenterologist & Robotic Surgeon, Advanced Laparoscopic & Metabolic Surgeon, HPB & Colorectal Surgeon",18 Yrs,"English, Hindi, Telugu",Hitec City,Day time OPD: MON – SAT : 9:00 AM – 4:00 PM,"Advanced Laparoscopic and Robotic Surgery, Complex Abdominal Wall Hernias, Liver and Pancreatic Malignancies, Colorectal Malignancies, Complex and Recurrent Fistula-in-Ano","Gallbladder Stones, Hernia Repair (Robotic & Laparoscopic), Bariatric & Metabolic Surgeries (Weight Loss Surgeries), Hepatobiliary & Pancreatic Surgeries (Pancreatic & Liver Cancers, Acute & Chronic P…",https://www.yashodahospitals.com/doctor/hitec-city/surgical-gastroenterology/dr-p-siva-charan-reddy/,Yashoda Hospital Hitec City
Dr. Penmetsa Vijay Varma,"MD (General Medicine), DM (Nephrology)",Consultant Nephrologist,17 Yrs,"English, Hindi, Telugu, Kannada",Hitec City,Day time OPD: MON – SAT : 9:00 AM – 4:00 PM,Expertise info not available,"Evaluation and Management of Acute, Acute-On-Chronic and Chronic Kidney Disease Patients, Evaluation and Management of Rapidly Progressive Renal Failure Patients, Screening for Kidney Diseases in adul…",https://www.yashodahospitals.com/doctor/hitec-city/nephrology/dr-penmetsa-vijay-varma/,Yashoda Hospital Hitec City
Dr. Phani Sree Sagi,"MD Internal Medicine, Geriatrics (USA Board Certified) DM Geriatric Medicine (USA)",Sr. Consultant Physician,21 Yrs,"Telugu, Hindi, English, Kannada",Hitec City,Day time OPD: MON – SAT  : 09:30 AM – 05:00 PM,"Diabetes, General Medical Disorders, Infectious Diseases","General medicine , Geriatrics (Elderly care, Memory loss, Confusion and behavioral issues, Osteoporosis, Falls, Incontinence, Disability), Chronic Diseases (Diabetes, Hypertension, Thyroid disorder, h…",https://www.yashodahospitals.com/doctor/hitec-city/general-medicine/dr-phani-sree-sagi/,Yashoda Hospital Hitec City
Dr. R. V. Koteswara Rao,"MBBS, MS, M.Ch. (Plastic Surgery)-NIMS",Ex. Asso. Prof. – NIMSSpecialist in Hand Surgery & Brachial Plexus InjuriesConsultant Plastic & Reconstructive Surgeon,14 Yrs,"Telugu, English, Hindi & Arabic",Hitec City,Day time OPD: MON-SAT : 09:00 AM – 05:00 PM,"Brachial plexus injuries: Both Adult and OBPI-Full spectrum of treatment from nerve repairs/grafting, Opposite C7 transfers, Tendon transfers & free functional muscle transfers (FFMT) . , Peripheral n…","All general plastic surgery procedures ( skin grafting, local and regional flaps, microvascular flaps ), Upper and Lower limb trauma ( crush injuries ) and reimplantations, Lymphedema ( reductions and…",https://www.yashodahospitals.com/doctor/hitec-city/plastic-surgery/dr-r-v-koteswara-rao/,Yashoda Hospital Hitec City
Dr. Radhika Reddy Y.,"MBBS, DNB, MNAMS, MRCOG (UK), FICOG",Sr. Consultant Obstetrician & Gynaecologist Laparoscopic & Robotic Surgeon,23 Yrs,"Telugu, English, Hindi, Kannada",Hitec City,Day time OPD: MON – SAT : 09:00 AM – 4:00 PM,Pelvic Endoscopic Procedures,"Treatment for Dysmenorrhea , Treatment for Endometriosis, Treatment for Fibroids, Management of High Risk Pregnancies, Hysterectomy, Infertility",https://www.yashodahospitals.com/doctor/hitec-city/gynaecology/dr-radhika-reddy-y/,Yashoda Hospital Hitec City
Dr. Rajasekara Chakravarthi Madarasu,"MBBS, MD (Internal Medicine), DNB (Nephrology)","Senior Consultant Nephrologist, Clinical Director & HOD of Nephrology and Transplant Services",30 Yrs,"English, Hindi, Telugu",Hitec City,Day time OPD: MON – SAT : 9:00 AM – 4:00 PM,Expertise info not available,"Clinical Nephrology Services , Evaluation and management of Acute Kidney Injury (AKI), Comprehensive care for Chronic Kidney Disease (CKD) (all stages), Diabetic kidney disease management, R…",https://www.yashodahospitals.com/doctor/hitec-city/nephrology/dr-rajasekara-chakravarthi-madarasu/,Yashoda Hospital Hitec City
Dr. Rajasekhar Reddy K,"MBBS, MS (Gen Surg), MCh (Neuro Surgery)",Sr. Consultant Neuro & Spine Surgeon,22 Yrs,"English, Hindi, Telugu",Hitec City,Day time OPD: MON – SAT : 9:00 AM – 4:00 PM,"Neuro Oncology (Surgical Removal of both Benign and Malignant Spinal and Brain Tumours), Spine Surgery (Microdiscectomy, Spine Fixations, Spinal Trauma), Neuro Trauma (Head Injuries and Spinal Injurie…",Services info not available,https://www.yashodahospitals.com/doctor/hitec-city/neuro-surgery/dr-rajasekhar-reddy-k/,Yashoda Hospital Hitec City
Dr. Rajesh Alugolu,"MS, MCh (Neurosurgery)","Sr. Consultant Neurosurgeon-PDMDRC, Clinical Director-PDMDRC.",26 Yrs,"Telugu, Hindi, English, Tamil, Odiya, Bengali",Hitec City,Day time OPD: MON – SAT : 10AM – 4PM,"DBS and Stereotactic procedures, Skull base and Vascular neurosurgery, Spinal and Cranial Neuromodulation","DBS for Movement disorders and epilepsy, Epilepsy surgeries, Skull base tumors, Complex CVJ anamolies,  Neuromodulation",https://www.yashodahospitals.com/doctor/hitec-city/neuro-surgery/dr-rajesh-alugolu/,Yashoda Hospital Hitec City
Dr. Rajesh Goud E,"MBBS, MS, FMAS, MCh (Surgical Oncology)","Sr. Consultant Surgical Oncologist,Minimal Invasive & Robotic Surgeon",16 Yrs,"Telugu, English, Hindi",Hitec City,Day time OPD: MON – SAT : 9:00 AM – 4:00 PM,"Robotic Radical Hysterectomy, Robotic Pelvic and Paraaortic Dissection, Robotic Prostatectomy, Robotic Radical Cystectomy, Robotic Anterior Resection, Robotic Rectal Cancer Surgery","Robotic Surgery, Breast Cancer Management, Gynecological Cancer Treatment, Head and Neck Tumour/Cancer Surgery, Lung Cancer Treatment, Cancer Screening (Preventive)",https://www.yashodahospitals.com/doctor/hitec-city/surgical-oncology/dr-rajesh-goud-e/,Yashoda Hospital Hitec City
Dr. Rukmini Mridula Kandadai,"DNB, DM (Neurology)","Sr. Consultant Neurologist, Clinical Director- PDMDRC ( Parkinson’s Disease and Movement Disorders Research Centre)",26 Yrs,"Telugu, Tamil, Hindi, English",Hitec City,Day time OPD: MON – SAT : 10AM – 4PM,"Movement Disorders- Experience in managing Parkinsons disease as well as Parkinson plus syndrome, Part of the deep brain stimulation group with Prof Rupam, NIMS, with participation in over 1000 surger…","Management of Parkinsons Disease, Deep Brain Stimulation Programming, Apomorphine infusion, Botulinum toxin injections, Treatment of Movement Disorders including Parkinson’s plus syndromes, Huntingt…",https://www.yashodahospitals.com/doctor/hitec-city/movement-disorders/dr-rukmini-mridula-kandadai/,Yashoda Hospital Hitec City
Dr. S Srikanth Raju,"MBBS, MS (General Surgery), DNB (Vascular Surgery)",Sr. Consultant Vascular & Endovascular SurgeonClinical Director,16 Yrs,"English, Hindi, Telugu",Hitec City,Day time OPD: MON – SAT : 09:00 AM – 05:00 PM,"Endovascular and Open Vascular Cases, Thoracic Endovascular Aneurysmal Repair, Endovascular Abdominal Aortic Aneurysmal Repair, Fenestrated Endovascular Aortic Repair","Laser/RFA/Glue Therapy for Varicose Veins, DVT-Thrombolysis/Stenting, Carotid Artery Disease-Endarterectomy/Stenting, For Dialysis Patients-AV Fistula/Graft and its Salvage Procedures (Fistuloplasty/S…",https://www.yashodahospitals.com/doctor/hitec-city/vascular-surgery/dr-s-srikanth-raju/,Yashoda Hospital Hitec City
